[
  {
    "username": "Dick",
    "score": 1400,
    "time": "2024-06-22T19:07:19.663108"
  },
  {
    "username": "Dick",
    "score": 1000,
    "time": "2024-06-22T19:07:26.463812"
  },
  {
    "username": "Dick",
    "score": 200,
    "time": "2024-06-22T19:07:28.984755"
  },
  {
    "username": "Dick",
    "score": 400,
    "time": "2024-06-22T19:07:32.052841"
  },
  {
    "username": "2",
    "score": 400,
    "time": "2024-06-28T13:27:29.274195"
  },
  {
    "username": "2",
    "score": 6800,
    "time": "2024-06-28T13:33:29.771016"
  },
  {
    "username": "us",
    "score": 2200,
    "time": "2024-06-28T22:49:44.869761"
  }
]